time,AGU,BCN,BCS,CAM,CMX,CHH,CHP,COA,COL,DUR,GRO,GUA,HID,JAL,MEX,MIC,MOR,NAY,NLE,OAX,PUE,QUE,ROO,SIN,SLP,SON,TAB,TLA,VER,YUC,ZAC,TAM
2013-01-01,12.938095238095238,12.754545454545456,17.075,23.566666666666663,14.758333333333333,9.720588235294118,23.45952380952381,13.062962962962963,24.95,11.272093023255811,24.55263157894737,15.424137931034483,15.110526315789476,17.652,13.314285714285717,16.861904761904764,19.547727272727272,21.9875,14.33448275862069,21.972727272727276,15.43,15.919999999999998,24.785714285714285,18.843243243243244,17.276190476190475,12.63125,23.55217391304348,12.26,19.21315789473684,23.466666666666665,12.297872340425531,17.273684210526316
2013-02-01,15.090909090909092,13.891666666666666,17.38181818181818,25.20625,17.275000000000002,12.047058823529412,24.779545454545453,16.737037037037037,24.321428571428573,14.12093023255814,25.494594594594595,17.74827586206897,17.568421052631578,19.15,15.18148148148148,18.716666666666665,21.211627906976744,22.385714285714283,18.603571428571428,23.48125,17.576,18.24,25.542857142857144,19.47567567567568,20.879166666666663,13.82127659574468,25.16,14.35,21.542105263157897,24.60333333333333,14.636734693877552,21.684615384615388
2013-03-01,15.738095238095235,16.61111111111111,20.835,25.45384615384615,16.41111111111111,16.29705882352941,24.905,18.303571428571427,24.99285714285714,15.830000000000002,25.628125,17.39423076923077,16.700000000000003,19.582608695652173,14.82,18.793333333333333,21.48333333333333,23.4,19.17586206896552,23.01935483870968,16.96530612244898,17.6,24.36,22.20555555555556,20.80454545454545,19.660416666666663,24.66875,13.333333333333334,20.825,23.79310344827586,15.10816326530612,21.455
2013-04-01,19.245454545454542,19.207692307692305,21.44782608695652,28.973333333333336,20.03333333333333,19.231428571428573,27.71590909090909,22.31379310344828,24.92142857142857,19.223809523809525,27.50625,21.641379310344828,21.13157894736842,22.416,18.49655172413793,21.6875,24.488636363636363,25.175,22.655172413793103,26.440625,20.396,22.12222222222222,27.82857142857143,23.48611111111111,25.03333333333333,21.222916666666663,28.495833333333334,17.19,24.31688311688312,28.083870967741937,18.477551020408164,24.892857142857142
2013-05-01,21.195454545454545,21.700000000000003,24.078260869565216,29.41875,19.916666666666668,22.188235294117646,27.47555555555556,24.917857142857144,26.085714285714285,21.2390243902439,27.509090909090908,22.50862068965517,21.121052631578948,24.660869565217396,18.845161290322583,22.452380952380956,24.470454545454547,27.92222222222222,24.686206896551724,26.13,20.31020408163265,22.61111111111111,28.25714285714286,26.39375,25.684,24.995744680851065,28.848000000000003,17.2,25.185714285714287,28.45,20.875510204081632,26.814634146341465
2013-06-01,22.009090909090908,25.07,27.14761904761905,28.07333333333333,18.933333333333334,27.480555555555554,26.535555555555558,28.024137931034485,27.885714285714283,24.64651162790697,27.077777777777776,22.32758620689655,20.87368421052632,25.316,18.740625,22.91304347826087,22.84090909090909,29.688888888888886,27.76551724137931,25.91764705882353,19.916326530612245,22.56,28.214285714285715,30.168571428571436,26.75,30.695744680851064,28.204,16.41,25.46538461538461,27.574193548387097,22.026530612244898,29.614285714285717
2013-07-01,19.768181818181816,25.616666666666664,28.86086956521739,27.89375,18.391666666666666,24.90277777777778,26.11777777777778,27.01333333333333,27.728571428571428,22.12093023255814,26.7,20.653448275862072,20.25263157894737,23.125925925925927,18.185714285714287,21.84090909090909,21.88571428571429,28.88888888888889,27.113793103448277,25.438235294117646,19.210204081632654,21.32,28.1,30.027027027027028,25.9375,30.008163265306123,28.204166666666666,15.74,25.07692307692308,27.21935483870968,19.632653061224488,29.065853658536582
2013-08-01,19.931818181818183,24.516666666666666,29.413636363636364,27.973333333333336,18.10909090909091,24.86857142857143,26.184444444444445,28.10333333333333,27.384615384615383,21.851162790697675,26.55,20.46379310344828,20.126315789473683,23.244444444444444,17.89,21.354166666666668,22.074418604651164,29.1625,27.53448275862069,25.344117647058823,19.134693877551022,20.94,28.228571428571428,29.85833333333333,25.78,30.116666666666664,28.183333333333334,15.8,24.94871794871795,27.40967741935484,19.8530612244898,29.317073170731707
2013-09-01,19.40952380952381,25.545454545454547,28.063636363636363,27.3125,17.54,22.65142857142857,25.70681818181818,25.133333333333333,26.542857142857144,20.32439024390244,25.666666666666668,20.18103448275862,19.70526315789473,22.625925925925927,17.5375,20.536363636363635,21.504761904761907,27.933333333333334,24.610344827586207,24.506060606060608,18.666,20.75,27.766666666666666,28.731428571428573,24.308000000000003,28.3,26.97826086956522,15.73,24.297435897435896,26.700000000000003,18.93673469387755,26.995238095238093
2013-10-01,18.11818181818182,20.175,25.20434782608696,27.19375,17.77,19.16857142857143,25.84047619047619,21.916666666666668,27.62857142857143,19.01627906976744,26.162857142857145,19.405172413793103,18.96842105263158,22.596153846153847,16.532258064516128,20.870833333333334,21.44761904761905,28.700000000000003,22.4,24.541176470588237,18.338775510204083,19.0,28.0,27.28108108108108,22.904,22.742857142857144,27.160869565217396,15.330000000000002,24.020779220779215,26.54516129032258,18.060416666666665,25.139024390243904
2013-11-01,16.129411764705882,18.1,22.2448275862069,26.394117647058824,16.277272727272727,13.403846153846152,23.955102040816325,15.85625,26.8,14.973170731707317,24.309803921568623,17.435,16.15625,19.269565217391303,13.207692307692309,18.846666666666668,20.8,25.981818181818184,17.014285714285712,23.905882352941177,16.31219512195122,16.759999999999998,26.46153846153846,24.441463414634143,19.48157894736842,19.53018867924528,25.77894736842105,13.81,21.14197530864197,25.976190476190474,15.68888888888889,20.38813559322034
2013-12-01,13.13181818181818,14.554545454545456,19.06086956521739,25.10625,15.516666666666666,10.96470588235294,22.906451612903226,12.713793103448277,25.75,12.917073170731708,24.946875,15.394827586206896,15.405882352941177,17.66521739130435,13.653333333333334,18.047826086956523,20.01025641025641,23.625,13.840909090909092,21.12,15.912244897959184,14.2,26.257142857142856,21.145945945945947,16.572727272727274,14.878260869565215,24.130434782608692,12.428571428571429,19.409333333333333,24.47241379310345,13.108510638297872,16.037142857142857
2014-01-01,11.819047619047618,16.57857142857143,18.965217391304343,22.5875,14.1625,11.553846153846154,22.346153846153847,11.637931034482758,24.914285714285715,11.295,24.205714285714286,14.05818181818182,13.784210526315787,16.59642857142857,11.136363636363637,16.45714285714286,19.123076923076923,22.45714285714286,12.393333333333334,20.194285714285712,14.021153846153847,14.227272727272728,23.211111111111112,21.07317073170732,15.529999999999998,16.362000000000002,21.89583333333333,10.344444444444443,17.694666666666667,21.896666666666665,11.49,14.665
2014-02-01,15.37,16.6,19.943478260869565,25.775,17.1625,14.823076923076924,24.925,15.916666666666666,25.4,15.319512195121952,25.436111111111117,17.53272727272727,17.76842105263158,19.125,13.773684210526316,18.345454545454547,22.15675675675676,23.64444444444445,15.986666666666668,23.02285714285714,17.332075471698115,18.11818181818182,25.633333333333333,21.63170731707317,19.369565217391305,17.944000000000003,25.34,13.411111111111111,20.533766233766237,24.53333333333333,15.206,18.013333333333335
2014-03-01,16.833333333333332,18.357142857142858,21.278260869565216,27.6,18.6875,15.88421052631579,26.615,17.986666666666668,25.426666666666662,16.576190476190476,26.716666666666665,19.185454545454547,19.46315789473684,20.4,15.57948717948718,19.575,24.07948717948718,24.655555555555555,17.986666666666668,24.67837837837838,18.63076923076923,19.954545454545453,26.8,22.9525,21.20434782608696,19.685714285714287,27.015384615384612,15.422222222222224,21.907692307692308,26.5,16.442,19.844444444444445
2014-04-01,19.38095238095238,19.5,23.03333333333333,29.18125,19.5,19.238461538461536,27.63953488372093,23.272413793103446,26.64,19.183333333333334,28.215625,21.187272727272727,21.57894736842105,23.01935483870968,16.75,22.03684210526316,25.33846153846154,26.844444444444445,22.95483870967742,26.022222222222226,20.50185185185185,20.666666666666668,27.933333333333334,25.039473684210527,24.595454545454547,22.259183673469387,28.22307692307692,16.72222222222222,24.21153846153846,28.10333333333333,19.04,24.78478260869565
2014-05-01,20.51428571428572,23.34166666666667,25.622727272727275,28.49375,18.525,21.675,26.95813953488372,24.44333333333333,28.433333333333334,21.06511627906977,27.78125,21.44909090909091,20.77894736842105,24.03333333333333,16.345945945945946,22.354545454545452,24.423076923076923,29.488888888888887,24.003225806451614,25.16470588235294,19.812962962962963,21.418181818181814,28.700000000000003,27.94736842105263,24.795454545454547,25.68541666666667,27.746153846153845,16.58888888888889,23.97848101265823,27.91333333333333,20.646,25.767391304347825
2014-06-01,21.02857142857143,25.69090909090909,29.052380952380958,28.53125,18.65,27.065,26.56279069767442,27.90666666666667,28.53333333333333,24.047727272727272,26.83823529411765,21.989090909090912,21.857894736842105,24.20555555555556,16.8675,21.163636363636364,23.17428571428572,30.122222222222224,27.6,25.32162162162162,19.848148148148148,22.288888888888888,29.25555555555556,31.405,26.745454545454542,31.695744680851064,28.552,16.755555555555556,25.119230769230768,27.91,21.676,28.87608695652174
2014-07-01,19.571428571428573,26.23636363636364,29.686956521739127,29.375,17.825,24.9325,26.87209302325581,27.8,28.44,22.353488372093025,26.87058823529412,20.69056603773585,20.94736842105263,23.01875,15.980555555555554,21.055,22.288235294117644,29.67777777777778,27.741935483870968,25.594444444444445,19.06851851851852,21.036363636363635,29.688888888888886,29.580487804878047,25.78695652173913,30.051020408163264,28.92692307692308,15.68888888888889,24.662025316455697,28.544827586206896,19.922,28.915217391304346
2014-08-01,19.85238095238095,26.808333333333334,29.82608695652174,29.13125,18.3,23.762162162162163,26.82558139534884,28.116666666666667,28.40666666666667,22.090697674418603,26.491666666666664,20.596363636363638,21.61578947368421,23.042424242424243,16.26388888888889,21.12272727272727,22.716216216216218,29.25555555555556,28.516129032258064,25.855555555555554,19.65555555555556,21.418181818181814,29.422222222222224,29.26410256410256,26.882608695652173,28.97872340425532,29.25,16.055555555555557,25.34125,28.74137931034483,20.365306122448978,30.26304347826087
2014-09-01,19.275,28.23846153846154,28.90625,28.36875,18.342857142857145,22.892307692307693,25.87619047619048,24.917241379310347,27.10666666666667,21.3,25.802777777777777,20.435185185185187,20.77894736842105,22.24848484848485,16.31,20.86,22.063888888888886,28.577777777777776,25.141935483870967,24.32857142857143,19.00925925925926,20.87272727272727,28.54444444444444,29.06,25.35217391304348,28.280434782608697,28.11923076923077,16.1,24.27125,27.610714285714288,19.59375,27.343478260869563
2014-10-01,18.31,23.835714285714285,26.847826086956523,27.43125,17.0625,20.56923076923077,25.17317073170732,22.89655172413793,27.946666666666665,19.527272727272727,25.702777777777776,19.045454545454547,19.34210526315789,21.844444444444445,14.8275,20.22,21.497435897435896,28.67777777777778,23.12903225806452,23.613513513513517,18.12962962962963,19.181818181818183,28.08888888888889,28.453658536585365,23.582608695652173,25.10408163265306,27.015384615384612,15.044444444444444,23.2825,26.63,18.23333333333333,25.541304347826088
2014-11-01,14.276190476190475,19.26923076923077,22.74347826086957,24.2875,16.25,13.723076923076924,23.7075,14.221428571428572,26.26,13.534883720930232,25.116666666666667,16.604,16.621052631578948,18.87,13.607499999999998,18.61428571428572,20.3,24.525,15.45,21.99722222222222,16.307407407407407,16.681818181818183,24.95555555555556,24.0025,18.208695652173912,18.995744680851065,24.13888888888889,13.533333333333331,19.8,23.563333333333333,13.925,18.128260869565217
2014-12-01,22.747619047619047,20.946153846153848,26.318181818181817,29.4,21.7375,20.86578947368421,28.351612903225806,20.61111111111111,31.706666666666667,22.621428571428574,30.714285714285715,24.46274509803921,23.410526315789475,26.55483870967742,21.11891891891892,25.663157894736845,26.96206896551724,30.68,21.108695652173918,27.0,23.159259259259255,23.0,29.1,29.809756097560975,24.430434782608696,24.604166666666668,27.788888888888888,20.77777777777778,24.269736842105264,29.24333333333333,22.4,23.491304347826084
2015-01-01,13.90952380952381,15.923076923076923,19.027272727272727,23.5,14.6875,10.3375,22.74102564102564,11.53793103448276,25.60666666666667,12.644444444444444,24.147222222222226,15.564,14.73157894736842,18.33333333333333,11.876190476190477,17.752380952380953,19.675757575757576,23.357142857142858,12.25,20.66857142857143,14.84313725490196,15.436363636363636,23.6125,20.846341463414635,15.826086956521738,15.64782608695652,22.5,11.533333333333331,17.35657894736842,23.26206896551724,13.546,13.85217391304348
2015-02-01,14.16190476190476,17.366666666666667,20.245454545454542,23.94,15.775,13.551282051282053,23.60238095238095,14.164285714285716,24.113333333333333,13.840909090909092,24.572972972972973,16.1875,16.08421052631579,18.47435897435897,12.902380952380952,17.863636363636363,20.7,23.4,14.446666666666664,21.66,15.721153846153848,16.554545454545455,23.8875,22.356410256410257,17.788,18.50434782608696,23.15,12.844444444444443,18.47848101265823,23.403448275862072,13.852941176470589,16.840816326530614
2015-03-01,15.047619047619047,19.246153846153845,21.630434782608692,26.926666666666662,16.9875,14.9375,25.662790697674417,16.50357142857143,24.846666666666668,14.571739130434782,25.84054054054054,17.345098039215685,17.69473684210526,19.255000000000003,14.339534883720932,19.895,22.54705882352941,23.866666666666667,16.973333333333333,23.08333333333333,17.08301886792453,17.684615384615384,27.1375,22.9175,19.9,19.7468085106383,25.211111111111112,14.444444444444445,20.29746835443038,26.85172413793104,14.803921568627452,19.464583333333334
2015-04-01,18.823809523809523,18.96,22.777272727272727,30.092857142857145,19.6625,17.994871794871795,28.365116279069767,22.13793103448276,26.52,18.53043478260869,27.419444444444444,20.81489361702128,21.531578947368423,22.6525,16.680487804878048,22.54,25.678125,26.677777777777777,22.74333333333333,26.52,20.077358490566034,21.384615384615383,28.975,25.11794871794872,25.241666666666664,21.316666666666663,29.63529411764706,16.48888888888889,25.14177215189873,29.5,18.774,25.48936170212766
2015-05-01,20.057142857142857,19.607142857142858,23.62,30.246666666666663,18.8375,20.825,27.746511627906976,25.306896551724137,28.313333333333333,20.74,27.675,21.62156862745098,22.110526315789475,24.09,16.747619047619047,23.66,24.56206896551724,28.41111111111111,24.85333333333333,26.348387096774196,19.753846153846155,21.96923076923077,29.3625,26.55555555555556,25.89583333333333,22.97391304347826,29.194117647058825,16.58888888888889,25.365,29.428571428571427,20.794,27.080851063829787
2015-06-01,20.30454545454545,24.957142857142856,27.37826086956522,28.96,18.6875,25.428571428571427,26.802325581395348,26.25,28.964285714285715,22.67872340425532,26.73055555555556,21.3156862745098,21.51578947368421,24.1425,16.575,22.313043478260877,23.340625,30.4,26.19333333333333,25.77647058823529,19.38679245283019,21.4,28.95,30.965853658536584,26.06,30.10208333333333,28.288235294117644,16.27777777777778,24.785,28.642857142857142,20.880392156862747,28.352083333333336
2015-07-01,19.2,24.425,28.830434782608695,29.793333333333333,18.4,24.73095238095238,26.757142857142856,28.14333333333333,28.51333333333333,22.282222222222224,26.59189189189189,20.433333333333334,21.405263157894737,23.085,16.10909090909091,22.17619047619048,23.15,29.67777777777778,27.790000000000003,25.83823529411765,19.466037735849056,20.9,29.8875,30.08,25.725,29.52083333333333,28.950000000000003,16.166666666666668,25.1075,29.124137931034483,19.754901960784316,29.1625
2015-08-01,19.6,27.564285714285717,30.08695652173913,29.366666666666667,18.85,24.823809523809523,27.254761904761907,28.75,28.813333333333333,22.795744680851065,26.94054054054054,20.888,21.968421052631577,23.4875,16.48409090909091,22.28181818181818,23.1037037037037,29.577777777777776,28.35666666666667,26.494285714285716,20.032075471698118,21.27692307692308,29.3375,29.90731707317073,26.5375,30.1625,29.327777777777776,16.566666666666666,25.58481012658228,29.06551724137931,20.29803921568628,29.506122448979596
2015-09-01,19.40909090909091,26.95714285714286,28.99090909090909,28.946666666666665,18.2625,23.611904761904764,26.612195121951217,26.66,28.366666666666667,21.883333333333336,26.01111111111111,20.814,21.4,23.43846153846154,16.304878048780488,21.975,21.744,28.84444444444445,26.41,25.622857142857143,19.143396226415096,21.284615384615385,28.5875,29.50243902439024,25.716,28.17708333333333,28.577777777777776,16.166666666666668,24.93875,28.91379310344828,19.91372549019608,27.80434782608696
2015-10-01,17.87727272727273,23.793333333333333,26.423809523809524,27.86,17.5125,19.72142857142857,26.27906976744186,23.08,28.186666666666667,18.90625,26.037142857142857,19.882,20.28421052631579,22.45526315789473,15.334883720930232,21.48333333333333,22.448387096774194,28.5625,23.64333333333333,24.61714285714286,18.60943396226415,19.838461538461537,26.9625,27.9609756097561,24.066666666666663,24.93958333333333,27.58333333333333,15.077777777777776,23.89746835443038,27.317241379310342,18.03921568627451,25.65416666666667
2015-11-01,16.86818181818182,16.746666666666666,22.55454545454545,27.44,17.425,15.278048780487804,25.9975,18.29310344827586,27.926666666666662,16.75,25.794444444444444,18.77021276595745,19.063157894736843,21.63684210526316,14.83809523809524,20.830434782608695,22.12857142857143,26.4125,19.290000000000003,23.758823529411764,18.150943396226417,19.03846153846154,26.5125,24.38048780487805,21.88,17.97826086956522,27.16470588235294,15.033333333333337,22.518987341772156,26.620689655172413,16.924489795918365,21.9625
2015-12-01,22.29090909090909,19.123076923076923,24.845454545454547,31.24285714285714,23.2125,19.77857142857143,30.44516129032258,22.641379310344828,32.58,22.53695652173913,31.79444444444444,24.730434782608693,23.62777777777778,26.819444444444443,21.758823529411764,25.92105263157895,28.376923076923077,29.92,23.854166666666668,28.138709677419357,24.032692307692308,23.8,29.95,28.797500000000003,25.541666666666668,22.96382978723404,29.08125,21.616666666666664,25.94871794871795,30.65357142857143,22.197959183673472,25.04583333333333
2016-01-01,11.245454545454546,13.09,17.652631578947368,23.5,13.88421052631579,9.162857142857142,23.451282051282053,11.62962962962963,24.586666666666662,10.31590909090909,23.234285714285715,14.292,14.311764705882354,16.16774193548387,11.7,16.076923076923077,18.37878787878788,20.23333333333333,12.941379310344828,21.14848484848485,14.359615384615385,14.875,24.95,18.875,15.75,13.66304347826087,22.94,11.344444444444443,17.825675675675676,22.682142857142857,10.95,15.793617021276594
2016-02-01,14.034782608695652,17.87272727272727,20.88571428571429,23.457142857142856,15.195238095238096,13.674285714285714,23.678048780487803,16.359259259259257,25.953333333333333,14.739534883720928,24.426470588235293,15.505999999999998,15.394117647058822,18.82903225806452,13.110204081632652,18.566666666666663,20.42105263157895,24.457142857142856,17.224137931034484,21.165625,15.5,16.041666666666668,24.575,22.34,17.81304347826087,18.21555555555556,22.91875,12.177777777777775,18.66184210526316,22.49285714285714,14.19375,19.153191489361703
2016-03-01,15.568181818181818,17.441666666666666,21.33809523809524,27.935714285714287,16.68095238095238,16.525714285714287,26.963414634146343,19.35925925925926,24.826666666666664,16.05777777777778,24.61764705882353,17.881632653061224,18.929411764705883,19.383333333333333,14.840816326530613,18.673333333333336,21.847368421052632,24.33333333333333,20.95862068965517,24.60322580645161,17.861538461538462,18.675,27.875,22.7525,21.421739130434784,19.57659574468085,26.988235294117647,14.2,22.38815789473684,26.728571428571428,15.668085106382978,23.193617021276594
2016-04-01,18.630434782608692,19.87272727272727,22.442857142857143,29.685714285714287,19.155,19.262857142857143,28.51219512195122,22.477777777777774,26.326666666666664,19.282222222222224,26.591428571428573,21.104347826086958,21.38823529411765,22.024137931034485,17.54313725490196,21.572727272727278,24.902631578947368,26.433333333333334,23.624137931034483,26.571875,20.16730769230769,22.09090909090909,28.950000000000003,24.58205128205128,24.354166666666668,21.18913043478261,28.726666666666667,17.1,24.55526315789474,28.428571428571427,18.678,25.661702127659574
2016-05-01,21.918181818181814,20.472727272727276,24.10952380952381,31.07857142857143,20.0,22.444444444444443,28.929268292682924,25.24814814814815,27.546666666666667,21.911627906976744,27.780555555555555,23.674,23.18235294117647,25.26774193548387,18.67058823529412,23.678048780487803,25.794736842105262,29.67142857142857,25.56551724137931,27.870967741935484,21.57884615384615,24.566666666666663,30.575,27.34242424242424,26.82608695652174,23.98260869565217,30.22941176470588,18.22222222222222,26.542105263157897,30.039285714285715,21.91,27.65531914893617
2016-06-01,20.717391304347824,26.066666666666663,27.73809523809524,29.5,17.81578947368421,25.730555555555554,26.865853658536587,27.18888888888889,28.613333333333333,23.21555555555556,26.075000000000003,22.006,21.61176470588235,24.65757575757576,17.021568627450982,22.492682926829268,23.03421052631579,30.316666666666663,26.589655172413792,25.94242424242424,19.846153846153847,22.125,30.275,30.53589743589744,25.5375,30.33617021276596,28.8,16.322222222222223,25.433333333333334,29.071428571428573,21.257142857142856,28.38936170212766
2016-07-01,19.843478260869563,28.041666666666668,29.955,29.24285714285714,17.84,25.730555555555554,26.953658536585365,29.433333333333334,28.613333333333333,22.98333333333333,25.65277777777778,21.048,21.53529411764706,23.48181818181818,16.87450980392157,21.463414634146343,22.615384615384617,29.74285714285714,28.855172413793102,25.763636363636365,19.694230769230767,21.775,31.025,30.39,26.079166666666666,30.768085106382976,29.094117647058823,16.311111111111114,25.262500000000003,28.955555555555552,20.88,30.20434782608696
2016-08-01,19.63181818181818,27.691666666666663,29.289473684210527,29.235714285714288,18.185714285714287,23.665714285714284,26.80731707317073,27.18888888888889,28.25333333333333,21.315555555555555,25.737142857142857,20.708,21.34117647058824,23.390625,17.048,21.45609756097561,22.43846153846154,29.285714285714285,28.0,25.58484848484848,19.50576923076923,21.541666666666668,30.55,29.43,25.7,28.99148936170213,28.57058823529412,16.144444444444446,25.00135135135135,28.692857142857143,19.98958333333333,29.847826086956523
2016-09-01,19.045454545454547,24.866666666666664,28.36842105263158,28.914285714285715,17.96,23.02285714285714,26.365853658536587,25.49259259259259,28.006666666666668,21.17727272727273,25.225,20.47,20.99411764705882,23.318181818181817,16.54583333333333,21.24390243902439,22.125641025641023,28.571428571428573,26.575,25.1,19.18653846153846,20.941666666666663,30.525,29.245,25.09583333333333,27.44888888888889,28.011764705882356,15.933333333333334,24.583783783783783,28.28214285714285,19.43191489361702,28.76304347826087
2016-10-01,17.62608695652174,23.7375,27.9,27.707142857142856,16.83809523809524,20.87222222222222,26.065853658536582,22.70740740740741,28.773333333333333,19.282222222222224,25.554285714285715,19.348,19.352941176470587,22.571875,15.340816326530613,20.674358974358974,21.897435897435894,28.914285714285715,23.36551724137931,24.2625,18.175,19.541666666666668,29.275,29.3825,23.37826086956522,26.059574468085103,27.323529411764707,14.755555555555556,23.371052631578948,26.810714285714287,18.040816326530614,26.274468085106385
2016-11-01,14.704347826086956,19.2,23.861904761904764,26.27857142857143,14.552631578947368,15.908333333333337,24.93,18.55555555555556,27.28,16.013333333333335,24.58857142857143,16.72127659574468,16.905882352941177,20.10967741935484,13.423529411764706,18.755000000000003,20.612820512820512,26.942857142857143,19.624137931034483,22.959375,16.748076923076923,16.974999999999998,27.45,25.6775,19.67391304347826,20.082608695652173,25.33529411764706,13.544444444444444,21.5,25.24642857142857,15.13,22.46382978723404
2016-12-01,23.652380952380952,19.8,25.59047619047619,32.44285714285714,21.719047619047625,21.341666666666665,30.82692307692308,21.29230769230769,33.07333333333334,23.616666666666667,31.758823529411764,25.48260869565217,24.38125,28.11111111111111,22.497142857142855,26.875609756097564,29.175757575757576,31.275,22.713043478260868,28.15357142857143,24.5,24.25,32.725,30.442500000000003,25.91818181818182,23.8,30.141176470588235,22.016666666666666,25.96301369863013,31.885714285714283,24.09166666666667,24.88888888888889
2017-01-01,13.6,12.691666666666668,17.80952380952381,25.25714285714286,14.86,11.955555555555556,24.1025,15.414285714285716,25.066666666666663,13.051162790697676,23.282857142857143,15.322,16.15294117647059,17.964285714285715,12.507843137254902,17.434883720930234,19.344736842105263,22.5,16.085714285714285,21.056410256410256,15.751923076923076,16.025,25.9,19.9675,19.4,14.342857142857142,24.125,11.04,19.908571428571427,23.957142857142856,13.610869565217392,19.347916666666663
2017-02-01,14.613636363636363,15.016666666666667,18.995238095238093,26.62857142857143,15.985714285714286,14.751428571428573,25.394871794871797,18.039285714285715,24.86,14.36304347826087,23.797142857142852,16.868,17.923529411764704,18.63103448275862,13.541176470588235,18.590697674418603,21.05675675675676,22.9,19.90714285714285,22.45897435897436,17.123076923076923,17.849999999999998,27.02,20.942500000000003,21.925,17.45625,25.71875,12.44,21.640845070422536,25.47142857142857,14.48125,22.7375
2017-03-01,17.23478260869565,18.03846153846154,21.59047619047619,27.50714285714286,16.45,18.25277777777778,26.210256410256413,20.31851851851852,26.18,17.204347826086956,25.205714285714286,18.858,19.15294117647059,21.44482758620689,14.812244897959182,20.506976744186044,23.260526315789477,25.6,21.478571428571428,23.70769230769231,18.103846153846156,19.20833333333333,27.0,23.915,23.54,20.95833333333333,26.6125,13.933333333333332,22.201408450704225,25.917857142857144,17.15625,23.760416666666668
2017-04-01,18.565217391304348,20.354545454545452,22.8,29.464285714285715,18.43,20.945714285714285,27.48684210526316,22.95357142857143,24.926666666666662,19.518181818181816,25.60571428571429,20.62,21.61764705882353,22.139130434782608,16.387999999999998,21.828205128205127,24.336842105263155,26.014285714285712,23.39642857142857,24.978947368421053,19.767307692307693,21.40909090909091,28.68,24.88421052631579,25.77368421052632,22.736734693877548,28.486666666666668,15.35,24.29718309859155,28.053571428571427,18.8,25.89375
2017-05-01,21.70434782608696,21.75,23.252380952380957,30.8,20.41904761904762,22.647222222222226,28.074358974358976,25.714285714285715,26.32,21.95,27.02285714285714,23.594,23.58823529411765,25.146153846153844,18.71764705882353,24.210869565217397,25.452777777777776,28.077777777777776,25.78214285714285,26.096875,21.54038461538461,24.563636363636363,29.84,26.534375,27.915,24.383333333333336,29.85,17.85,26.03098591549296,29.49285714285714,21.964583333333334,27.90625
2017-06-01,22.517391304347825,25.1,26.242857142857144,29.178571428571427,19.37,27.485714285714284,26.646153846153847,27.932142857142857,28.40666666666667,24.756521739130434,26.08823529411765,22.946,22.83529411764706,26.08,17.898039215686275,23.916666666666668,22.90810810810811,30.08888888888889,28.07857142857143,24.74736842105263,20.359615384615385,23.383333333333336,29.84,29.76,28.294736842105262,30.15416666666667,28.45625,16.26,25.36714285714286,28.571428571428573,23.10625,29.897872340425533
2017-07-01,19.845454545454547,27.73846153846154,29.395,28.87142857142857,17.630000000000003,25.10833333333333,26.63846153846154,27.98928571428572,28.453333333333333,22.622222222222224,25.5,20.484,20.923529411764704,23.66333333333333,16.443137254901963,21.541666666666668,22.14210526315789,29.78888888888889,27.710714285714285,24.21538461538461,19.12941176470588,21.34166666666667,30.42,30.6425,25.978947368421053,29.828571428571426,28.61875,15.3,24.18285714285714,28.178571428571427,20.635416666666668,29.17872340425532
2017-08-01,20.45217391304348,27.36923076923077,30.185,29.185714285714287,18.525,24.141176470588235,26.7125,27.592857142857145,28.133333333333333,22.05555555555556,25.234285714285715,21.224,22.025,24.03333333333333,17.186274509803923,22.02916666666667,22.39210526315789,29.622222222222224,28.48928571428572,24.446153846153845,19.90576923076923,22.03333333333333,30.66,30.3325,27.42,29.891666666666666,28.6625,15.7,25.2,28.39642857142857,20.933333333333334,30.27083333333333
2017-09-01,18.83478260869565,24.60833333333333,27.655,28.821428571428573,17.794444444444444,23.36470588235294,26.567500000000003,25.410714285714285,27.433333333333334,20.41304347826087,24.594285714285714,19.994,20.24705882352941,22.846666666666668,16.189583333333335,21.366666666666664,21.78108108108108,28.444444444444443,26.107142857142858,23.681578947368426,18.942307692307693,20.416666666666668,30.0,29.2875,25.289473684210527,27.96875,28.1125,15.52,24.035714285714285,28.107142857142858,19.138297872340427,28.152083333333334
2017-10-01,17.369565217391305,23.016666666666666,27.61904761904762,27.321428571428573,16.7,21.038235294117644,25.705,20.99642857142857,28.06,19.24782608695652,25.03235294117647,18.766,18.8,22.116666666666667,15.136734693877552,20.43404255319149,21.37777777777778,28.9625,21.38214285714286,22.71794871794872,17.909615384615385,18.9,28.0,29.6425,22.99,26.67708333333333,26.486666666666668,13.580000000000002,22.5536231884058,26.3,17.782978723404256,23.93125
2017-11-01,15.856521739130434,18.9,24.142857142857142,25.02142857142857,15.433333333333334,17.46470588235294,24.7175,18.460714285714285,27.566666666666663,16.269565217391303,24.405882352941177,17.146,17.447058823529414,20.182142857142857,13.288,18.81276595744681,20.164864864864864,27.4625,19.414285714285715,21.53589743589744,16.765384615384615,17.48333333333333,26.14,26.105128205128207,21.59,22.112765957446808,24.99333333333333,11.775,21.138805970149253,23.910714285714285,15.91304347826087,22.36458333333333
2017-12-01,22.077272727272728,22.78333333333333,26.44761904761905,29.835714285714285,20.81428571428572,19.714285714285715,29.25925925925926,19.114814814814817,32.64,20.51904761904762,30.98,24.606,24.075,27.04,21.753846153846155,26.3,27.75135135135135,30.375,20.258333333333333,26.996969696969696,23.515384615384612,22.950000000000003,30.42,30.195,24.595,24.60833333333333,28.23333333333333,22.0,24.198529411764707,29.45,22.079545454545453,22.82340425531915
2018-01-01,12.873913043478264,16.2,19.67692307692308,22.322222222222223,13.43157894736842,11.02,21.70612244897959,11.684848484848484,25.17,12.07391304347826,22.96578947368421,13.822,13.465384615384616,16.773684210526316,10.447916666666666,16.888235294117646,18.302325581395348,21.866666666666664,12.292592592592593,20.24571428571429,13.0,13.41,23.14,20.9265306122449,15.38076923076923,16.647169811320754,22.125,11.054545454545456,16.985135135135135,21.73939393939394,12.48913043478261,15.136734693877552
2018-02-01,16.764705882352942,15.6,19.84090909090909,26.18,16.988888888888887,14.8025641025641,24.616,17.936666666666667,26.147058823529413,15.85,24.441025641025643,17.398039215686275,16.416666666666668,19.497297297297298,13.76888888888889,19.47450980392157,21.8725,24.76,18.696,23.087878787878783,17.108510638297872,18.508333333333333,26.26363636363636,22.36521739130435,21.713636363636365,16.390384615384615,25.85,14.345454545454546,21.32361111111111,25.538235294117644,15.752830188679244,21.9265306122449
2018-03-01,18.539130434782606,16.692857142857143,20.629166666666663,27.58571428571428,19.20434782608696,16.821428571428573,26.09019607843137,20.5258064516129,25.83529411764706,18.8,25.552380952380958,20.276,18.41333333333333,20.962857142857143,15.579545454545457,22.168000000000003,24.5325,24.69090909090909,21.56,24.848484848484848,19.41296296296296,21.06153846153846,26.73333333333333,23.024489795918367,23.715,19.20754716981132,27.466666666666665,16.363636363636363,22.87,26.26,18.071698113207542,23.875
2018-04-01,19.84230769230769,20.385714285714283,22.8625,28.55714285714286,19.3,20.452380952380956,26.38269230769231,22.177419354838708,25.829411764705885,20.4,26.46190476190477,21.28627450980392,19.32,22.230555555555554,16.01590909090909,23.065384615384616,24.969047619047625,25.433333333333334,21.956666666666667,24.9,19.58363636363636,22.315384615384616,28.05,25.110416666666666,23.930434782608696,22.744897959183675,28.25625,16.418181818181818,23.163235294117644,27.766666666666666,19.32,24.4265306122449
2018-05-01,21.84,20.615384615384617,24.804166666666664,28.86315789473684,20.3,24.58205128205128,26.892,27.36206896551724,28.694117647058825,23.32608695652174,27.009523809523813,22.81764705882353,20.26333333333333,24.83428571428572,16.938636363636363,24.24230769230769,24.02432432432432,28.781818181818185,26.08,26.45625,20.2,23.67692307692308,28.516666666666666,28.20232558139535,26.5,25.45,29.31666666666667,17.518181818181816,25.201351351351352,28.081818181818186,21.93846153846154,27.95833333333333
2018-06-01,21.2375,23.93846153846154,27.064,28.88095238095238,19.612,26.884313725490195,25.905357142857145,29.22903225806452,28.39375,24.37391304347826,25.89523809523809,21.36,20.875,23.8825,16.65681818181818,22.985454545454548,23.1425,29.416666666666668,27.82,24.036,20.07647058823529,22.023076923076925,29.2625,30.39148936170213,27.047826086956523,30.0,29.016666666666666,16.981818181818184,25.63285714285714,28.221875,21.05813953488372,29.350877192982452
2018-07-01,20.5125,28.638461538461534,29.888,28.965,19.0,25.25,26.005454545454544,28.700000000000003,29.44,23.481818181818184,26.40652173913044,20.728,21.03043478260869,23.28,16.1875,22.335087719298244,23.117073170731707,28.96,28.0962962962963,24.0875,19.492,22.25,29.9,30.8675,27.195652173913043,30.82962962962963,29.405882352941177,16.60909090909091,25.282857142857143,28.75862068965517,20.51063829787234,30.003636363636364
2018-08-01,20.426666666666662,28.966666666666665,29.924,28.355,18.22222222222222,24.49302325581396,25.76944444444445,28.65666666666667,28.366666666666667,23.13720930232558,25.159183673469386,20.359615384615385,20.71818181818182,22.77435897435897,15.772093023255817,21.946296296296296,22.01951219512195,28.43636363636364,28.488888888888887,24.039130434782606,19.03921568627451,21.991666666666664,29.65,29.70487804878049,26.85217391304348,29.421818181818185,28.49,16.37272727272727,24.631506849315063,28.28965517241379,19.873170731707315,30.048214285714288
2018-09-01,19.62608695652174,26.633333333333333,29.284,28.518181818181816,18.766666666666666,22.35,25.763636363636365,24.625806451612902,28.30625,20.722,25.29565217391304,20.181132075471695,19.903448275862072,22.535135135135132,16.14,21.81153846153846,21.913636363636364,28.25454545454545,25.95,24.047826086956523,19.61111111111111,21.62307692307693,29.036363636363635,29.264444444444447,25.82,29.05818181818182,28.57894736842105,17.027272727272727,24.96323529411765,28.13,19.425454545454546,28.541071428571428
2018-10-01,18.566666666666663,21.288235294117644,25.616,27.44210526315789,18.05263157894737,18.77441860465116,25.2671875,21.503225806451614,27.86,18.5531914893617,25.0,19.672549019607843,20.075,21.73684210526316,15.511363636363637,21.383018867924527,21.824324324324323,27.545454545454547,22.167857142857144,24.63714285714285,18.74716981132076,20.392307692307693,28.272727272727277,27.79230769230769,23.84583333333333,23.303571428571427,27.94736842105263,16.454545454545453,23.48676470588235,27.33448275862069,17.76530612244898,24.876785714285717
2018-11-01,14.667176357826088,16.812169994,22.0573423492,26.050218517894734,16.051400045714285,13.308221199214286,24.51709898476923,15.50736871483871,26.467807306666668,13.952764041884617,24.207707301111117,16.4221977126,17.249603010454546,18.627825351794872,13.474547165295457,18.84930613117647,20.50220189275,24.79441319272728,16.33798327107143,23.44273871352941,16.855938022181817,17.612365286923076,26.874553418,23.595990489756097,19.801595735416665,17.761160950535714,26.17021669210526,14.399784092727272,21.21376072238806,25.440432647857143,14.289260590204082,19.43596600290909
2018-12-01,12.9377241094,13.8082311532,19.228795536666667,24.381711705,15.13565188,11.176876922612903,22.64910278891892,13.57610199074074,25.68992647692308,11.768702957025,23.50295746108108,14.522470160416669,15.365906759444446,16.499281029117647,12.817187514705882,17.186077104489797,19.052426673825,22.028881824285715,14.87854512447619,21.49807276680769,15.233070093000002,15.67580645,25.059669444,20.537974292857143,18.062013327272727,14.467825978192309,24.343134075,12.610907801,19.27360955585484,23.882040397391304,11.962037688707316,17.994199487142858
2019-01-01,13.950248140076924,13.98666667,19.486193996666668,23.298552280555555,15.411651545625,10.502981427,21.97347617538461,13.05488339875,25.84277553625,12.65349462438889,23.018443197826087,15.552651948297871,14.637924269285715,18.11275434333333,13.110177974965517,17.2895483876,17.68939068,22.35685484,14.181743434444444,20.69758844763158,15.108273864840909,0.0,23.99985668625,20.55687237,19.73987468,14.466702570758622,23.33157804533333,12.51218638,19.04577037262264,22.5586932592,12.720430107666669,17.535832161
2019-02-01,16.954166666666666,12.079059390272729,18.354641506,26.574060342777777,18.08591971333333,12.856256560000002,24.774653621111117,17.059673044074074,25.549635148,15.504172840384616,24.677143330000003,17.965246214791666,19.096329336842103,19.44975619794872,14.487003913829788,20.1256822798,21.9698619755,23.770547518181814,18.145876902962964,24.140795196285712,18.16034048392157,19.41601658153846,26.723893772222223,20.754897916976745,21.75685596695652,14.38291591762963,26.035312672352944,14.87786596111111,21.883096690704228,25.917318235714284,16.051977372826087,21.03327043226415
2019-03-01,19.00846595,15.409804460133332,20.3102786408,26.8678267175,19.17220936117647,16.398844822439024,25.31568800651515,18.581620286296296,26.22121967733333,17.47698958672549,26.012377927954542,20.184101929166665,19.5224826075,21.516695747692307,16.054853709130434,21.660534824117647,24.350400705,24.540175675454545,19.48415148851852,23.92211481979592,18.9137874594,20.79149533230769,26.967856256,22.69204379452381,22.239493981304346,18.48504003090909,26.411325107894736,16.351006455,22.010044229428573,26.31302757103448,18.044104185217392,22.19948509647059
2019-04-01,19.599066666666666,20.241436545714286,22.5261652412,28.741090906,20.14958868631579,18.858129569825003,26.426235031791045,22.755883294074074,25.403848892666662,18.92533137893617,25.996811823,20.879531818979597,21.388516523,21.551103641666668,16.73045808326087,21.8980042218,24.566266817105262,25.41722601909091,22.62264961,25.14542090733333,20.38865587411765,22.268052503076923,28.15317649888889,24.224017495135136,25.4956382272,21.411531342448978,28.09352528882353,17.393903527,23.835232717205884,28.274701633793104,18.46923610608696,25.085139311875
2019-05-01,22.354274117333333,20.089768672,22.5336319884,31.0590995545,21.33404858823529,21.9653846745,27.69056855246154,26.376538811111114,26.777534936666665,21.06305287,26.79124577238095,23.35146321163265,23.6654297645,24.06638415052632,18.31167586302325,23.89800952509804,25.415466219512197,26.834181592,26.53652947222222,26.156356227777778,22.1009026127451,25.10935871333333,30.10223015090909,25.962784953076923,29.0237713325,22.48998913230769,31.350275817894737,18.675004535454544,27.175196922058824,30.418329890357143,21.207935196904764,29.172503714347823
2019-06-01,23.252992062666667,23.858095082142857,26.4821397188,29.886836462631575,20.065275464117647,26.253700614102563,26.53664193523077,28.275971396551725,29.357129704666665,24.510277398139536,26.42790078809524,22.579093523125,21.9998273015,25.409570895609757,17.673011533181818,23.80268999942308,23.512609835,29.96561876636364,28.20137881185185,24.99268169933333,20.835228512641507,23.198342602307694,30.581216848181818,29.97598751046512,28.393718909130435,28.636653042115384,29.805647212222222,17.81698653181818,26.178755396268656,30.25948899222222,22.60846014,30.320286863800003
2019-07-01,21.39689196133333,26.33512276923077,29.5989660616,28.97286163,18.86916347375,26.2881792065,26.276985860307693,28.5420139746875,29.102273220666667,23.35045709510204,25.686576162727278,20.917193983877556,21.12422544526316,23.56579678522727,16.405772747333334,22.43586696807692,22.4334331622,29.557802805454543,27.8426057392,23.97241533142857,19.66967021788461,21.79212214363637,30.66514662818182,31.031975972857147,27.713318340833336,30.897986073584907,29.03156035647059,16.720837681818182,25.23184123352941,29.115586824814816,20.926547352340425,29.967474538679244
2019-08-01,20.8892401475,27.92107647125,29.996608031875,29.284150909047614,19.781244552,25.75500227,26.651749974035088,30.442450583421053,29.079565248,23.98758544218182,26.2734092325,21.29006264037736,21.336522106785715,23.63246961603774,16.432942891017856,22.1661581775,22.6205024268,28.68355478785714,29.77743765724138,24.906581795192302,20.390823330357144,23.245556192857144,30.41935353263158,30.20762782847826,28.87683717233333,30.902729852711865,29.849690564166668,16.752853554,25.82275954064935,29.259463366774195,21.35565385304348,31.557719403461537
2019-09-01,19.491304347826087,25.126923076923077,28.418181818181814,28.73478260869565,19.4,22.92982456140351,26.25593220338983,27.33783783783784,28.48333333333333,21.53333333333333,25.794,20.529411764705884,20.42142857142857,23.26607142857143,15.8125,21.7,22.332653061224487,28.506666666666668,26.389655172413796,24.50754716981132,19.725,21.852941176470587,29.633333333333333,29.017391304347825,26.790000000000003,27.795081967213115,28.8,16.393333333333334,24.84683544303797,28.882758620689657,19.893181818181816,28.84444444444444
2019-10-01,18.566666666666663,20.784615384615385,25.661538461538463,28.21818181818181,19.075,19.017307692307693,25.79818181818182,22.88823529411765,27.794117647058822,19.756603773584903,25.35,20.07547169811321,19.904166666666665,22.444230769230767,15.62037037037037,21.371698113207547,21.71063829787234,28.2,23.321428571428573,23.43469387755102,18.975925925925928,20.85625,28.714285714285715,28.227272727272727,24.952,23.763793103448275,27.931818181818183,15.692307692307692,23.716216216216218,28.256666666666668,19.42127659574468,25.558000000000003
2019-11-01,16.556521739130435,17.74642857142857,22.77037037037037,25.981818181818184,17.91,15.014285714285716,24.80181818181818,17.524242424242424,27.91176470588235,16.0125,25.30208333333333,18.59259259259259,18.4,21.16792452830189,14.627272727272729,20.821428571428573,21.176470588235293,26.978571428571428,18.37586206896552,22.523404255319143,17.76909090909091,19.526666666666664,26.264285714285712,25.31590909090909,21.320833333333333,20.414375,25.72222222222222,14.523076923076925,20.677611940298508,25.1,16.53488372093023,20.418
2019-12-01,13.763275944928573,13.482648022814816,18.8777322,24.19127807190476,15.731299594375,10.985600040085108,23.048501279069768,14.685042651666668,26.50979244625,12.648694376480767,24.33851742466667,15.563799470181818,15.547773809565216,18.340171287847824,12.42275016216129,18.58199870156364,19.46442206386,23.6200617,16.183105331125002,20.791807931666668,16.019093560363636,16.280779456666668,24.874889445714285,21.168689324042557,19.1732554632,15.149161469191084,24.41216852882353,12.364222952615384,19.57957348576271,23.636521184444444,13.28621606434884,19.14508763647059
2020-01-01,12.96385741772727,13.53167886875862,17.801133795000002,24.630779327619045,15.62988129777778,11.045787209183674,24.36696100981481,14.264922901388893,25.675027321764706,11.933064951070174,24.12680875804348,15.175581790181818,15.817642506,17.70569524526,11.797584841272728,17.852768319285712,19.293601472625,22.615918845,16.250149496586207,21.327220862375,15.745191592857145,15.890764962,25.353837670714285,19.89611495347826,19.0532645848,14.719388650784811,24.684924932352946,11.877555547615383,19.4793254279375,23.68241625214285,12.666613495093022,19.487679702692308
2020-02-01,14.925983372380951,14.0799561291,18.442374842307693,26.006204533,18.1027216775,12.030434913823528,25.14926122528302,15.509849586666668,25.36035863,13.69066847925926,24.829210260930232,17.30523025037037,17.2634162112,19.456107504313724,13.972528804947368,19.60461627511321,21.1865761112766,22.869389193333333,16.550202903533332,22.3274982557451,17.322268127142856,18.729479408125,26.040632757857143,20.514282232553192,20.1532752316,15.645200082525315,25.812141921764702,14.30856259,20.067686465409835,25.1271511,14.670082888531914,19.075067387884616
2020-03-01,19.1681669,13.979330520384616,19.8109647584,27.97213124136364,18.990049254,16.599408474649124,25.440728245584413,22.00725527868421,26.625140524117647,18.2795270632,26.23477024911111,20.620325449433963,20.468535938260867,22.46462315215686,16.24720193170588,21.95001503074074,24.67531050425532,24.78030310933333,22.90320433,24.26287916041667,20.020733412,21.994344375,26.959511624285717,22.86297206,24.339804994884616,17.668482187018633,27.65015654304348,16.233615741818184,23.65774015125,26.919892166538464,19.09309331095238,25.245759446811597
2020-04-01,20.477272727272727,17.80666666666667,21.81851851851852,31.13809523809524,20.633333333333333,19.58620689655172,27.80897435897436,23.951351351351352,25.923529411764704,20.168421052631576,27.15744680851064,22.77962962962963,22.865384615384617,22.77037037037037,17.517543859649123,23.3,26.072549019607845,25.026666666666664,24.624242424242425,26.264,22.42586206896552,24.1,29.59375,24.357777777777777,28.216,20.970186335403724,30.804166666666664,18.15,26.74473684210526,30.9,20.326666666666668,27.70769230769231
2020-05-01,20.713636363636365,22.574074074074076,23.92962962962963,30.17142857142857,19.646153846153847,23.957142857142856,27.29,26.82162162162162,26.28333333333333,22.03793103448276,27.221739130434784,22.164814814814815,21.99230769230769,23.607142857142858,16.746296296296297,23.135714285714283,25.471153846153847,26.74285714285714,26.028125,25.678846153846152,21.410344827586208,23.8,29.376470588235293,27.27317073170732,27.584615384615383,25.84294478527607,30.013793103448275,17.241666666666667,25.914285714285715,29.42692307692308,21.05,28.15
2020-06-01,22.022727272727277,24.11111111111111,26.788888888888888,28.95,19.71538461538461,26.63888888888889,25.77435897435897,27.93243243243243,28.27647058823529,23.73166666666667,26.99111111111111,22.03018867924528,21.07307692307692,24.9,16.758181818181818,23.164814814814815,24.72407407407407,29.23846153846154,26.70967741935484,24.796078431372543,20.93728813559322,22.91538461538461,29.057142857142857,30.65625,27.928,29.84683544303797,28.736,16.966666666666665,25.126388888888886,28.43703703703704,22.61555555555556,28.68169014084507
2020-07-01,20.822727272727278,26.66551724137931,28.72222222222222,29.35,19.566666666666663,26.269642857142856,26.111538461538466,29.102777777777774,28.88823529411765,23.066101694915258,26.25609756097561,21.40377358490566,21.634615384615383,23.553448275862067,16.555357142857144,22.32592592592593,22.846153846153847,28.92142857142857,28.26551724137931,24.318,20.707142857142856,22.692307692307693,29.6,30.695652173913043,28.268,31.87625,29.568,16.641666666666666,25.971621621621622,28.98846153846154,20.985,30.18059701492537
2020-08-01,20.008695652173916,28.55,29.6,29.026315789473685,18.9,26.701851851851853,25.988311688311686,28.63428571428572,28.28235294117647,22.994915254237288,26.01707317073171,20.69245283018868,20.616,23.229090909090907,16.0,21.687272727272727,22.572881355932203,28.607142857142858,27.848275862068967,23.942857142857143,20.19464285714286,21.861538461538466,29.61428571428572,31.01521739130435,27.141666666666666,32.4832298136646,28.832,16.39090909090909,24.995890410958904,29.003703703703703,20.746666666666663,29.34923076923077
2020-09-01,18.98260869565217,26.46296296296296,29.392592592592592,28.83888888888889,18.425,22.786538461538463,25.676,24.16470588235294,28.13125,20.34107142857143,25.470454545454547,19.909259259259255,20.056521739130435,22.69811320754717,15.581132075471697,21.32307692307692,22.00408163265306,28.27142857142857,24.78214285714285,24.036,19.64642857142857,20.953333333333333,29.72,30.06,26.108695652173918,30.359235668789808,28.33333333333333,15.930769230769233,24.65810810810811,28.946153846153848,19.50227272727273,27.339682539682546
2020-10-01,17.541666666666668,22.785714285714285,27.03,27.573684210526316,16.836363636363636,20.3125,25.092,22.59705882352941,28.6375,18.46034482758621,25.538095238095234,18.766666666666666,18.125,22.26981132075472,13.967272727272729,20.55555555555556,21.09,28.7,22.633333333333333,22.7245283018868,18.42456140350877,19.346153846153847,28.447058823529414,29.476190476190474,24.183333333333334,26.366025641025644,27.339130434782607,14.8,23.124285714285715,27.208695652173912,17.973170731707317,25.41515151515152
2020-11-01,15.791666666666666,16.355555555555558,22.615384615384617,26.311764705882357,15.933333333333332,16.512727272727272,24.705882352941178,19.38125,27.7625,16.087272727272726,25.139024390243904,17.486792452830187,16.358333333333334,20.62037037037037,13.21818181818182,19.79423076923077,20.952272727272728,26.476923076923075,20.27037037037037,21.73333333333333,17.436206896551724,18.03076923076923,27.04615384615385,25.33488372093024,22.41578947368421,20.52453987730061,25.945,13.483333333333333,21.495238095238097,25.6125,16.33404255319149,23.244776119402985
2020-12-01,13.504347826086958,13.527586206896553,18.192307692307693,23.86111111111111,15.358333333333333,9.934545454545454,22.31636363636364,13.303333333333336,25.473333333333336,11.533333333333337,24.25609756097561,15.864150943396226,15.13,17.895744680851063,12.746875,18.09183673469388,20.04888888888889,21.9,14.331578947368422,20.165,15.691379310344828,15.333333333333334,24.59230769230769,20.337209302325583,17.630000000000003,14.61315789473684,23.633333333333333,12.572727272727274,18.5359375,23.23333333333333,13.33265306122449,17.956521739130434
2021-01-01,12.85,13.44074074074074,17.037037037037038,24.13888888888889,15.084615384615384,10.226415094339623,23.78235294117647,13.49,24.775,11.852727272727272,23.960975609756098,15.503846153846156,15.5125,17.593617021276597,12.37037037037037,17.942,19.71489361702128,20.8,14.958333333333334,20.517307692307693,15.989655172413793,16.5,24.7,19.182222222222222,18.730434782608697,14.201935483870969,24.227272727272727,12.561538461538465,19.034426229508195,23.320833333333336,13.042222222222222,18.36875
2021-02-01,14.841666666666669,14.203571428571427,18.21851851851852,25.172222222222224,16.150000000000002,13.58867924528302,23.952777777777776,15.406060606060606,24.125,15.025454545454544,24.035714285714285,16.954716981132076,17.0,19.350980392156863,13.194230769230767,18.5,20.74042553191489,22.484615384615385,16.403846153846153,21.583673469387755,16.84237288135593,17.715384615384615,25.52,20.55555555555556,19.52,16.055487804878048,24.995454545454542,13.0125,19.871428571428574,24.604166666666668,15.430434782608694,18.275
2021-03-01,17.930434782608696,13.826666666666666,19.03333333333333,27.450000000000003,18.928571428571427,15.51851851851852,25.406666666666663,19.75625,24.8625,17.275,26.04888888888889,20.07358490566038,19.55,21.298113207547168,16.160714285714285,21.10588235294118,23.77021276595745,22.93846153846154,20.807692307692307,23.72340425531915,19.29827586206897,20.87142857142857,26.6,21.37333333333333,23.625925925925927,17.219298245614034,27.29090909090909,16.191666666666666,22.591666666666665,26.569565217391304,18.175510204081636,23.048529411764704
2021-04-01,19.35,18.02758620689655,21.90740740740741,29.64736842105263,19.514285714285712,19.47358490566037,26.991891891891893,22.86857142857143,25.48235294117647,19.852631578947367,26.90217391304348,21.6,20.954545454545453,22.83333333333333,16.92222222222222,22.06315789473684,25.008108108108107,25.557142857142857,24.13076923076923,25.16,20.93793103448276,22.985714285714288,28.541666666666668,24.61951219512195,26.4,21.92012987012987,29.571428571428573,16.746153846153845,24.88219178082192,29.12608695652174,19.95625,26.266666666666666
2021-05-01,20.44782608695652,20.193103448275863,23.840740740740745,29.84444444444445,19.646666666666665,22.97222222222222,26.697222222222223,26.206060606060603,27.225,22.02830188679245,27.46222222222222,22.064814814814813,21.782608695652176,23.978947368421053,17.036538461538463,22.681818181818183,24.585185185185185,27.164285714285715,26.13703703703704,25.25,20.67058823529412,23.133333333333333,29.316666666666663,27.59189189189189,27.25,24.869182389937105,29.430434782608696,16.884615384615383,25.927777777777777,29.50434782608696,21.585714285714285,28.211290322580645
2021-06-01,19.779166666666665,24.19333333333333,26.889655172413796,29.195,18.43125,26.51818181818182,26.07837837837838,28.097368421052632,28.16111111111111,23.312280701754386,25.504761904761907,20.544642857142858,20.120833333333334,23.53220338983051,16.08703703703704,21.572881355932203,22.601785714285715,28.192307692307693,26.99285714285714,23.754166666666663,19.54339622641509,21.85,29.05,30.60909090909091,26.278260869565216,30.473480662983423,28.854166666666668,15.984615384615385,25.13733333333333,28.58695652173913,21.14081632653061,28.695454545454545
2021-07-01,18.924,27.32413793103448,28.175,29.005000000000003,18.926666666666662,24.6037037037037,26.20985915492958,27.539473684210527,28.55263157894737,21.69454545454545,26.15869565217391,20.229090909090907,19.945833333333333,23.077966101694912,15.739655172413793,21.42,22.42105263157895,27.96666666666667,26.3962962962963,24.242857142857144,19.46153846153846,21.576470588235296,29.453333333333333,30.27111111111111,25.848000000000003,30.760555555555552,29.175,15.807692307692308,24.971621621621622,28.884,20.015686274509804,28.595161290322583
2021-08-01,19.144,27.146666666666665,29.074074074074076,28.77,19.10666666666667,24.503636363636364,25.97246376811594,27.81,28.05555555555556,21.822950819672133,25.55,20.28076923076923,20.032,23.04310344827586,15.741071428571429,21.318867924528305,22.403448275862072,28.058333333333334,27.522222222222226,24.128,19.3843137254902,21.62307692307693,29.42142857142857,30.10222222222222,26.291304347826088,30.616,28.92105263157895,15.86153846153846,24.744444444444444,28.652,20.202222222222225,29.7390625
2021-09-01,18.685185185185187,26.275,27.72142857142857,28.665,18.55333333333333,23.04181818181818,25.427027027027027,26.62777777777778,27.694444444444443,21.037704918032787,25.31136363636364,19.73392857142857,19.864,22.735593220338984,15.463793103448277,21.09830508474576,22.096666666666668,27.383333333333336,26.522222222222226,23.66122448979592,19.125,21.21875,29.12,29.343478260869563,25.404,28.908125,28.642857142857142,15.784615384615384,24.805714285714288,28.383333333333336,19.52549019607843,28.507462686567163
2021-10-01,17.703703703703702,20.589655172413792,25.517241379310345,28.355,18.11290322580645,20.061818181818182,25.407894736842103,23.7,28.311764705882357,19.270491803278688,25.604761904761908,19.31607142857143,19.89565217391305,22.36833333333333,15.442372881355931,21.07627118644068,22.28793103448276,27.86923076923077,23.824,23.874468085106383,18.89423076923077,20.49375,28.595,28.345652173913045,24.14583333333333,24.106666666666666,28.200000000000003,15.599999999999998,23.996969696969696,27.848000000000003,18.474,26.169565217391305
2021-11-01,14.814814814814817,18.871875,23.03125,24.97,15.729032258064516,15.8,22.84520547945205,18.26111111111111,27.11111111111111,15.983870967741936,24.851063829787236,16.43859649122807,16.16,19.76935483870968,12.823728813559322,18.67049180327869,19.870967741935484,25.700000000000003,18.677777777777777,21.58936170212766,16.23272727272727,17.26875,25.63157894736842,25.42391304347826,20.252,21.081460674157302,24.968421052631577,13.053846153846154,20.607142857142858,24.36923076923077,15.46346153846154,21.56438356164384
2021-12-01,14.365217391304348,13.51,20.209375,25.41428571428572,16.1,14.150943396226417,23.17258064516129,18.86578947368421,26.2,14.485964912280702,24.85217391304348,16.05272727272727,15.794999999999998,18.74313725490196,13.291891891891892,17.817543859649124,20.02586206896552,22.788888888888888,19.08333333333333,20.67727272727273,16.576470588235292,17.2375,25.56875,22.006666666666664,20.64090909090909,16.58269230769231,25.7625,13.069230769230767,21.329166666666666,24.62307692307693,14.86734693877551,22.231944444444444
2022-01-01,13.496296296296295,14.11,19.25,23.91818181818182,15.354545454545455,10.94814814814815,22.651315789473685,12.957894736842103,25.410526315789475,12.185964912280705,24.406666666666663,15.738181818181818,15.3,18.09649122807017,12.283606557377048,17.629310344827587,19.628571428571423,21.7,13.735714285714286,20.75686274509804,15.696296296296296,16.488235294117647,24.089473684210525,20.664444444444445,17.645833333333332,15.560227272727271,24.024,12.323076923076922,18.763076923076923,22.79259259259259,13.731372549019609,16.706944444444446
2022-02-01,14.314814814814817,14.561764705882354,18.340625,25.009523809523813,16.176923076923078,11.283333333333331,22.812857142857144,14.023684210526316,25.573684210526316,12.642857142857142,25.27173913043478,16.555555555555557,15.81304347826087,19.13389830508475,13.024590163934429,18.547619047619047,20.8171875,22.115384615384617,14.5,21.424,16.01132075471698,17.11875,25.25,20.004651162790697,18.116666666666667,14.805649717514124,24.724,13.075,18.63636363636364,24.288888888888888,14.445283018867926,16.60735294117647
2022-03-01,16.748,16.509375,20.02258064516129,26.872727272727275,18.48928571428572,15.125925925925925,24.70810810810811,19.18108108108108,24.19473684210526,16.255384615384614,25.525,18.6622641509434,18.547826086956523,20.50689655172414,15.068852459016394,19.9671875,23.055737704918037,22.49230769230769,19.160714285714285,23.332653061224487,18.348076923076924,19.89375,26.772222222222226,21.33255813953488,21.552,17.504597701149425,26.544,15.233333333333334,21.32638888888889,26.01851851851852,16.933962264150942,21.446875
2022-04-01,19.753846153846155,19.01333333333333,21.770967741935483,29.25909090909091,20.348148148148148,20.730188679245284,26.506666666666668,24.605405405405406,25.510526315789477,20.68909090909091,27.032608695652176,21.45576923076923,21.39565217391305,22.775,16.701785714285712,22.396610169491527,24.85322580645161,24.73076923076923,24.88888888888889,24.731818181818184,20.752830188679248,22.514285714285712,27.9,24.72439024390244,26.524,21.937012987012988,29.124,17.041666666666668,25.005633802816902,28.44074074074074,20.36078431372549,27.1910447761194
2022-05-01,22.494444444444444,20.95862068965517,23.738709677419354,30.0,21.716,24.42264150943397,26.57763157894737,28.15526315789474,26.64,23.22903225806452,27.67872340425532,23.398076923076925,22.628,24.793333333333333,17.946551724137933,23.80185185185185,26.204761904761902,27.28666666666667,28.15714285714285,26.06808510638298,21.91698113207547,24.646666666666665,28.97058823529412,27.11891891891892,28.772,24.939204545454547,30.566666666666663,17.818181818181817,26.885915492957743,29.185185185185187,22.721568627450974,29.844615384615388
2022-06-01,21.63684210526316,25.33225806451613,26.78125,28.47142857142857,19.27037037037037,26.5,24.81375,29.55277777777778,27.973684210526315,24.02622950819672,26.07708333333333,21.84444444444444,20.532,24.19833333333333,16.32241379310345,22.571428571428573,23.8453125,28.40625,28.424,24.071739130434786,20.265384615384612,22.59333333333333,28.366666666666667,30.178260869565214,27.09130434782609,30.07314285714286,28.523333333333333,16.945454545454545,24.708695652173915,28.4,22.107843137254903,29.76716417910448
2022-07-01,20.989473684210527,27.167857142857144,29.003225806451614,28.713636363636365,19.711111111111112,26.044444444444448,25.349382716049384,30.089473684210528,28.468421052631577,23.803448275862067,26.272340425531915,21.296296296296298,21.024,23.50344827586207,16.62280701754386,21.84909090909091,23.346031746031745,28.38125,29.244444444444444,24.70217391304348,20.25769230769231,22.50714285714286,29.00769230769231,30.337777777777777,26.995833333333334,30.892993630573248,29.304166666666664,16.900000000000002,24.94179104477612,28.62222222222222,21.728,30.7125
2022-08-01,20.3,27.87142857142857,29.19677419354839,28.76363636363636,19.05,24.36923076923077,25.38192771084337,28.438235294117646,28.31578947368421,22.464150943396223,25.973333333333333,20.81636363636364,21.236,23.150877192982456,16.09245283018868,21.52075471698113,22.750819672131147,27.8875,28.72307692307692,24.227083333333336,19.940384615384616,22.357142857142858,28.7,29.119565217391305,27.183333333333334,29.43370786516854,29.155172413793103,16.57272727272727,25.372307692307693,28.433333333333334,20.903846153846157,30.60298507462687
2022-09-01,18.32307692307692,26.44193548387097,27.96363636363636,27.933333333333334,18.224137931034484,22.319607843137256,24.75773195876289,25.01142857142857,27.668421052631583,20.24074074074074,25.370833333333334,19.40727272727273,19.75,22.85254237288136,15.7,21.282,21.89841269841269,28.1375,25.185185185185187,23.43877551020408,18.973584905660378,20.22,28.45555555555556,29.272916666666664,24.128,28.857062146892652,27.81875,16.10909090909091,23.944615384615386,27.87142857142857,19.2468085106383,27.6515625
2022-10-01,17.18,22.616,25.17272727272728,27.133333333333333,18.27037037037037,18.335849056603774,24.29108910891089,21.16176470588235,27.63157894736842,17.692857142857143,25.59555555555556,18.775925925925925,18.92,21.96440677966102,15.261403508771927,20.924074074074078,22.20483870967742,26.99333333333333,21.68888888888889,23.151063829787237,18.65740740740741,19.807142857142857,27.626666666666665,27.422916666666666,22.161538461538463,23.937430167597768,27.462857142857143,16.136363636363637,22.885,26.64814814814815,17.672916666666666,24.516923076923074
2022-11-01,15.84074074074074,15.1,21.028125,26.700000000000003,17.36,13.498113207547169,23.869565217391305,17.026470588235295,26.973684210526315,14.808620689655172,25.44782608695652,17.955555555555556,18.16521739130435,20.225925925925928,14.505454545454544,20.65,21.85,24.071428571428573,18.495652173913044,22.653191489361703,18.11851851851852,19.1,26.98888888888889,22.522222222222226,20.734615384615385,16.59512195121951,27.029411764705884,15.418181818181818,21.901724137931037,26.23448275862069,16.252083333333335,21.634848484848487
2022-12-01,13.755999999999998,13.13103448275862,19.1625,25.1,15.095999999999998,12.333333333333334,22.2125,14.878125,25.789473684210527,14.123529411764704,23.951063829787238,15.511111111111113,15.327272727272726,17.948936170212768,12.833333333333334,17.389130434782608,19.38833333333333,21.93,16.00952380952381,20.24878048780488,15.673076923076923,15.64,25.311111111111117,20.657777777777778,18.346153846153847,15.183333333333332,25.70810810810811,12.445454545454544,19.839285714285715,24.779310344827586,14.056521739130435,19.291304347826085
2023-01-01,13.18148148148148,12.796153846153846,18.03333333333333,25.317391304347822,15.324000000000002,11.256603773584906,22.74455445544554,15.979411764705882,24.821052631578947,13.064150943396228,23.90833333333333,15.44814814814815,16.035999999999998,17.378846153846155,12.182258064516128,17.65714285714286,19.598360655737704,20.966666666666665,17.63076923076923,21.10816326530612,16.15740740740741,16.353333333333335,25.39333333333333,19.80204081632653,19.17142857142857,13.831550802139038,25.445945945945947,12.627272727272729,20.23692307692308,24.626666666666665,13.583673469387756,20.767605633802816
2023-02-01,15.8,12.20625,17.83235294117647,26.045454545454547,16.4,12.42156862745098,23.128,16.73888888888889,25.47222222222222,14.31864406779661,25.12708333333333,17.148214285714285,17.05,19.45818181818182,13.445614035087718,19.25,21.36229508196721,22.342857142857145,18.42692307692308,22.82244897959184,17.045283018867924,17.65,25.75714285714286,19.91086956521739,19.88888888888889,14.169186046511628,25.6775,14.19,20.297014925373137,25.39655172413793,15.64901960784314,20.65142857142857
2023-03-01,17.77777777777778,14.153333333333334,20.261764705882356,28.154545454545453,18.723684210526315,15.928846153846154,25.235353535353536,21.291666666666668,25.14375,17.971186440677965,25.848000000000003,20.05892857142857,19.96153846153846,21.172881355932205,15.696491228070176,21.0,23.38064516129032,22.416666666666668,22.338461538461537,24.7,19.54705882352941,21.40666666666667,26.964285714285715,21.78695652173913,23.725925925925928,17.51494252873563,28.294444444444444,16.3,23.56086956521739,27.372413793103448,18.15636363636364,24.684285714285718
2023-04-01,18.85,16.207692307692305,21.855555555555554,29.566666666666663,19.6,18.5625,25.29,23.414285714285715,25.0,20.49090909090909,29.17142857142857,21.625,21.47,21.989473684210527,17.11,22.3,24.86764705882353,24.1,23.625,25.99230769230769,20.888461538461534,23.2,27.5,24.06206896551724,24.866666666666667,20.45042735042735,28.773333333333333,16.6,24.91764705882353,28.93913043478261,19.73095238095238,24.609523809523807
2023-05-01,19.69354839,18.95048616065,23.1158985544,30.203451799411763,19.443605521538466,21.0940696975,28.177407999473687,26.71432942555556,28.540344922857145,22.150060752941176,27.8051317609375,22.53511059204082,22.508109493809524,24.666807809375,18.50173191244,24.3474725975,25.647921615666668,27.914756495,26.507889236666667,25.120687600434785,21.227301905227275,23.609091985454544,28.94508006166667,26.74922451297297,26.17064755333333,23.705434790402684,30.221810293,17.7740327375,25.886758209818183,29.644130520416667,21.327261317692308,27.354186277407408
2023-06-01,24.23125,21.26521739130435,26.161538461538463,31.25238095238095,22.14848484848485,26.234285714285715,28.116,30.41379310344828,28.97142857142857,25.183333333333334,28.416666666666668,24.818867924528305,23.904347826086955,26.259183673469387,18.928,25.7843137254902,26.62439024390244,29.83,29.460869565217397,27.04390243902439,22.12244897959184,25.557142857142857,29.63076923076923,30.01372549019608,28.88076923076923,28.066233766233765,31.258823529411764,18.688888888888886,27.21730769230769,30.460869565217397,24.881632653061224,30.851923076923075
2023-07-01,22.30625,27.108695652173918,29.530434782608697,30.445,19.366666666666667,27.666666666666668,26.752,29.94814814814815,29.0,24.272222222222226,26.97714285714286,22.319230769230767,22.39047619047619,24.26274509803922,16.787755102040816,23.080392156862743,23.905555555555555,29.511111111111116,29.517391304347825,25.580434782608695,20.336734693877556,23.65714285714285,29.99333333333333,31.54,27.923076923076923,32.688235294117646,29.48125,17.5125,25.57884615384615,30.345454545454547,23.053061224489795,31.278431372549026
2023-08-01,21.31428571428572,26.33333333333333,29.90416666666667,29.72631578947368,19.228125,26.646341463414632,26.972,30.74285714285714,28.9,24.31578947368421,26.377272727272725,21.38269230769231,22.394117647058824,23.550980392156863,16.441176470588236,22.458,23.666666666666668,28.827272727272728,29.495833333333334,25.475,20.03404255319149,22.15,29.807142857142857,30.91111111111111,27.795454545454547,31.58333333333333,29.321428571428573,17.22222222222222,25.3609375,29.768,22.344,31.09622641509434
2023-09-01,21.05240079375,24.289278177826088,29.240114577586205,29.277388751,19.4607043052,25.037592608125,26.44940411423077,29.281668323793102,29.29594696533333,23.96991320128205,26.55327251711111,21.700619503653847,22.32276870809524,23.753533269069766,16.380465490297297,21.768304186428573,23.64592759888889,28.91463573,29.09313540190476,26.10123384368421,20.20980521638298,22.68124485923077,29.377580372666667,31.763500149772725,28.2177736888,30.210135009347827,29.266793155,17.256648423333335,25.373283321525424,29.38313597173913,22.04401605611111,30.960315225660377
2023-10-01,18.168,21.93478260869565,26.33,28.57,18.458823529411767,19.994285714285716,26.05964912280702,23.093103448275865,27.7625,19.59090909090909,25.710638297872343,19.91111111111111,20.71,21.695555555555558,15.674468085106383,20.816666666666663,23.15,27.15,24.16190476190476,24.96190476190477,19.66190476190476,20.346153846153847,28.77647058823529,28.33255813953488,24.012,26.256849315068493,28.564705882352943,16.669999999999998,23.70892857142857,28.339130434782607,19.19393939393939,26.402
2023-11-01,16.191666666666666,17.405714285714286,23.287096774193547,26.485000000000003,17.38823529411765,14.327868852459016,24.84181818181818,16.87857142857143,27.88,16.055555555555557,25.70232558139535,17.837735849056603,17.595,20.57555555555556,14.464444444444444,19.9875,22.01509433962264,26.25555555555556,18.15909090909091,22.917073170731708,17.68536585365854,18.33076923076923,26.85,25.30243902439025,20.42,20.891489361702128,25.85,15.390909090909092,20.53076923076923,26.323809523809523,16.35675675675676,20.568627450980397
2023-12-01,12.544,14.725,19.925806451612903,24.76,14.852941176470589,10.48360655737705,23.17872340425532,14.588888888888889,25.72941176470588,12.897142857142857,23.91190476190476,14.43,14.775,16.938888888888886,11.951612903225806,17.38076923076923,19.68888888888889,22.416666666666668,15.652631578947368,20.402857142857144,15.282926829268291,14.166666666666666,25.035714285714285,22.17948717948718,17.68095238095238,16.42727272727273,24.694444444444443,12.627272727272729,19.135416666666668,24.030434782608697,12.57,18.52745098039216
2024-01-01,13.608,12.857142857142858,18.04516129032258,25.490476190476187,16.39047619047619,9.78813559322034,24.40892857142857,12.71111111111111,25.2375,12.893939393939394,24.307317073170733,15.629411764705884,16.526315789473685,17.325581395348838,12.641304347826088,17.55625,20.512727272727272,20.48,14.382608695652175,22.09777777777778,16.58604651162791,16.96153846153846,25.78666666666667,19.68372093023256,18.29583333333333,14.370921985815604,25.3,13.38181818181818,19.466,24.684615384615384,13.696666666666664,17.25
2024-02-01,14.295833333333334,13.621052631578948,18.778125,24.323809523809523,17.472,12.64090909090909,23.86229508196721,17.603125,24.98235294117647,14.6825,24.928571428571427,17.367241379310343,18.222727272727276,18.894642857142856,13.827450980392156,19.411363636363635,21.966666666666665,21.933333333333334,18.316666666666663,22.3875,17.517647058823528,18.62857142857143,24.506666666666668,20.738636363636363,20.59642857142857,16.29874213836478,24.65,14.336363636363638,20.15666666666667,23.338461538461537,15.168181818181818,20.835087719298244
2024-03-01,17.83125,14.8375,19.709375,29.16190476190476,20.276666666666664,14.876666666666669,27.125,20.459375,24.561111111111117,16.755000000000003,26.018181818181816,19.918333333333333,21.25454545454545,20.70909090909091,16.446938775510205,20.3825,24.32586206896552,22.155555555555555,21.417391304347827,24.877777777777776,20.320408163265306,21.8,28.308333333333334,21.772727272727277,24.933333333333334,17.424683544303797,29.085,17.20909090909091,23.945098039215686,28.696153846153848,17.212195121951222,24.37547169811321
2024-04-01,20.40666666666667,16.780952380952378,21.251612903225805,30.58695652173913,20.99642857142857,18.606779661016947,28.310526315789478,24.72258064516129,25.676470588235293,20.246341463414637,27.577272727272728,22.3375,21.95,22.68297872340425,17.787499999999998,22.68947368421053,26.107142857142858,23.822222222222223,25.031818181818185,26.459183673469383,21.48627450980392,23.376923076923077,28.27142857142857,24.245238095238093,26.955,20.531875,30.261111111111116,18.30909090909091,25.524561403508773,29.672,20.15714285714286,27.08888888888889
2024-05-01,24.725,19.56410256410257,24.43870967741936,33.358333333333334,23.67142857142857,23.88135593220339,29.83859649122807,29.8625,26.700000000000003,24.297435897435896,28.88863636363636,25.942857142857143,26.215,25.796,20.64509803921569,25.20731707317073,28.321818181818184,26.58888888888889,30.082608695652173,28.438297872340424,24.522,27.87857142857143,30.728571428571428,27.72142857142857,32.045,24.46645569620253,33.05,20.481818181818184,29.61311475409836,32.83846153846154,24.702439024390245,31.976923076923075
2024-06-01,23.38125,24.3025,26.025,30.256521739130434,21.17586206896552,28.06307692307692,27.24827586206897,29.878125,27.488235294117647,24.82058823529412,27.94651162790698,23.645454545454545,22.90909090909091,25.744,18.332,24.17954545454546,26.22037037037037,28.0875,29.166666666666668,26.51,21.924489795918365,24.821428571428573,29.82,30.88636363636364,29.604761904761908,30.255000000000003,30.385,18.37272727272727,27.355357142857144,30.244,24.30227272727273,31.18703703703704
2024-07-01,20.323294740625,27.852141226486488,28.847731131875,29.637102974166663,19.211696285,26.473153313382355,26.66142980032258,28.18792266121212,28.478832569411765,22.404691895,26.643859214285715,20.827586831060607,21.342158421363635,23.597476089682537,16.78588431694,21.794129962093024,23.1471704,28.37442692181818,26.68461727608696,24.862799967954547,20.03322676546,22.020029003636363,29.55503540533333,31.60356221409091,25.556553729545453,31.978305506064515,29.2237779555,17.173484849999998,24.844108209491523,29.416750644285717,20.91860323809524,28.88301617418182
2024-08-01,20.65,27.07894736842105,29.64333333333333,29.375,19.424242424242426,26.61052631578947,26.661016949152543,30.215625,28.836842105263155,23.43243243243243,26.247727272727275,20.91470588235294,21.15909090909091,23.56290322580645,16.776470588235295,21.675,22.956363636363637,28.127272727272725,28.154545454545453,24.992682926829268,19.966,22.25714285714286,29.688235294117646,30.73695652173913,26.37142857142857,31.473469387755102,29.23,16.880000000000003,25.18135593220339,29.386206896551727,21.442500000000003,30.07454545454545
2024-09-01,20.075,25.07948717948718,28.2,29.661538461538463,19.24571428571429,23.59855072463768,26.51016949152542,26.221875,28.42105263157895,22.09189189189189,26.241463414634147,20.609375,21.49,23.798360655737707,16.784615384615385,21.660975609756097,22.649056603773587,28.55454545454546,26.35,24.5775,19.666666666666668,22.3,29.74375,30.731818181818184,25.65,30.1887323943662,29.610526315789475,16.563636363636366,25.864615384615384,29.29655172413793,20.473809523809525,28.67222222222222
2024-10-01,17.725,22.07948717948718,27.52,27.504166666666663,16.910344827586208,20.837333333333333,25.275438596491227,23.91515151515152,28.394736842105264,19.86756756756757,25.5,18.35,18.223809523809525,22.081967213114755,14.55294117647059,19.992857142857144,21.26181818181818,28.28,22.888461538461534,23.154545454545453,17.775925925925925,18.838461538461537,27.91875,30.32045454545454,22.805,27.51849315068493,27.035000000000004,14.52727272727273,23.201408450704225,27.010714285714283,17.94090909090909,25.74074074074074
